,index.in.avian_viruses_complete_19_2_20.fasta,virus.name,virus.alignment.score,virus.alignment.hit.sequence,virus.gapless.hit.sequence,virus.gapless.hit.sequence.length,virus.alignment.start.position,virus.alignment.end.position,strand.type,genus,family,order,class,genome.type,baltimore.class,virus_E_value
1,105989,NC_003973 |Psittacus erithacus timneh papillomavirus| complete genome,2.129945755,GGGGGACACAGTAGAGGACAAAGAGGACGAGGT,GGGGGACACAGTAGAGGACAAAGAGGACGAGGT,33,238,266,reverse complement,Thetapapillomavirus ,Papillomaviridae,Zurhausenvirales,Papovaviricetes,dsDNA,1,1.00E-04
2,211339,FJ410147 |Pigeon paramyxovirus-1 strain PPMV-1/Maryland/1984| complete genome,0.367861629,GGAGTACACACAGAGGACAATGAGGCGGAAGA,GGAGTACACACAGAGGACAATGAGGCGGAAGA,32,11414,11445,,Avulavirus ,Paramyxoviridae,Mononegavirales,Monjiviricetes,(-) ssRNA,5,1.00E-04
3,1314,AJ292967 |Avian endogenous retrovirus EAV-HP proviral genome| clone EAV-JF2,0.367860556,GAAGGACAAAGAAGAGTCGCAGAGGCTCAGGG,GAAGGACAAAGAAGAGTCGCAGAGGCTCAGGG,32,697,728,,Unclassified genus,Retroviridae,Ortervirales,Revtraviricetes,RNA-RT,6,1.00E-04
4,98243,KP881612 |Gallid herpesvirus 1 isolate Shanghai-2013-1 ICP4 (ICP4) gene| partial cds,-5.751098633,GAATGAGGAAGAGGAGGAAGAGGAGGAGGAGGT,GAATGAGGAAGAGGAGGAAGAGGAGGAGGAGGT,33,75,98,reverse complement,Iltovirus ,Herpesviridae,Herpesvirales,Herviviricetes,dsDNA,1,1.00E-04
5,105257,JX204830 |Rotavirus A turkey-tc/GER/03V0002E10/2003/G22P[35] segment 7| complete sequence,-5.833566189,GGAGGACCAAGAGGATGCAAAGA--CGGATGT,GGAGGACCAAGAGGATGCAAAGACGGATGT,30,533,562,,Rotavirus ,Reoviridae,Reovirales,Resentoviricetes,dsRNA,3,1.00E-04
6,15979,LC339863 |Influenza A virus (A/duck/Mongolia/139/2010(H3N6)) viral cRNA| segment 2| complete sequence,-5.833568573,AAAGGACAATG--GGGAAAAAGAAGCAGAGGC,AAAGGACAATGGGGAAAAAGAAGCAGAGGC,30,622,651,,Alphainfluenzavirus ,Orthomyxoviridae,Articulavirales,Insthoviricetes,(-) ssRNA ,5,1.00E-04
8,177993,MK491499 |Avian metapneumovirus isolate PAR-05| complete genome,-7.513180733,AAAGAAAAAAGAGAGCAAAAAGAGAGTGAGGT,AAAGAAAAAAGAGAGCAAAAAGAGAGTGAGGT,32,1523,1554,,Metapneumovirus ,Pneumoviridae,Mononegavirales,Monjiviricetes,(-) ssRNA,5,3.00E-04
9,25323,MG846356 |Chicken stool associated circular virus 1 strain RS/BR/2015/1R| complete genome,-8.01675415,GAAGGACAA-----GGAGCAAGACGCGGAGGA,GAAGGACAAGGAGCAAGACGCGGAGGA,27,1449,1479,reverse complement,Unclassified virus ,Unclassfied,Unclassfied,Unclassfied,,DO LATER,3.00E-04
7,20162,MH777396 |Duck adenovirus 3 isolate AHAQ13| complete genome,-5.970769882,GAA-GCCGAAGAGGAGGAAGAAGAGGAGGAGGT,GAAGCCGAAGAGGAGGAAGAAGAGGAGGAGGT,32,24234,24266,reverse complement,Aviadenovirus ,Adenoviridae,Rowavirales,Tectiliviricetes,dsDNA,1,0.001
18,59609,MK803395 |Beak and feather disease virus isolate BVDV-S4| complete genome,-21.51318169,GAATGAGAAGTATTGCAGCAAAGAGGGGGACGT,GAATGAGAAGTATTGCAGCAAAGAGGGGGACGT,33,389,421,,Circovirus,Circoviridae,Cirlivirales,Arfiviricetes,ssDNA ,2,0.0021
13,185765,MN175614 |Avian adeno-associated virus isolate BR_DF12| complete genome,-15.39422417,GCTGGACAACGAGGAGAGGAAGAGGCTGCTGG,GCTGGACAACGAGGAGAGGAAGAGGCTGCTGG,32,922,953,,Dependoparvovirus ,Parvoviridae,Piccovirales,Quintoviricetes,ssDNA,2,0.0023
15,100491,KU925498 |Tunis virus strain Brest/Ar/T2756 segment M| complete sequence,-17.63213921,GAATGAAAATGAGAGGAAGGAAAGAAGGGGAGGG,GAATGAAAATGAGAGGAAGGAAAGAAGGGGAGGG,34,4668,4701,,Unclassified virus,Unclassified,Unclassified,Unclassified,,DO LATER,0.0024
20,20362,MG846400 |Chicken picobirnavirus strain RS/BR/15/5S-1 capsid protein gene| complete cds,-21.51318359,GAAGAACGATGATCGCACACAGAAGCGTGATGT,GAAGAACGATGATCGCACACAGAAGCGTGATGT,33,1090,1122,,Picobirnavirus ,Picobirnaviridae,Durnavirales,Duplopiviricetes,dsRNA ,3,0.0027
14,171319,LC133331 |Ljungan virus genomic RNA| nearly complete genome| strain: Fuz1,-15.61389542,GAAGCA-AAAGAAGCGACAGAGAGCCCCATGT,GAAGCAAAAGAAGCGACAGAGAGCCCCATGT,31,5944,5975,reverse complement,Parechovirus ,Picornaviridae,Picornavirales,Pisoniviricetes,(+) ssRNA ,4,0.0031
17,1820,KU925435 |Abu Hammad virus strain Art 1194 segment M| complete sequence,-18.01675224,GAAGCACAA----GAGACAAAGAGGAAG-GGT,GAAGCACAAGAGACAAAGAGGAAGGGT,27,4490,4516,,Orthonairovirus ,Nairoviridae,Bunyavirales,Ellioviricetes,(-) ssRNA ,5,0.0031
12,113814,KT378600 |Parrot bornavirus 5 isolate Cockg5| complete genome,-15.39422417,GAAGGAGAAAGAATTGAAAGTTAAGGGGAGGT,GAAGGAGAAAGAATTGAAAGTTAAGGGGAGGT,32,5122,5153,,Orthobornavirus ,Bornaviridae,Mononegavirales,Monjiviricetes,(-) ssRNA,5,0.0037
11,26028,MK007537 |Louping ill virus isolate SCO_LOCH2_1993| complete genome,-15.39422417,GCAGAACAAAGAGAGGATCATGGAGTGGAGGG,GCAGAACAAAGAGAGGATCATGGAGTGGAGGG,32,10140,10171,,Flavivirus ,Flaviviridae,Amarillovirales,Flasuviricetes,(+) ssRNA,4,0.0038
19,148189,GQ485311 |Duck hepatitis virus SD02| complete genome,-21.51318359,TAAGTACAAAGGTGAGACAAAGCGCCAGCTGGT,TAAGTACAAAGGTGAGACAAAGCGCCAGCTGGT,33,6389,6421,,Avihepatovirus,Picornaviridae,Picornavirales,Pisoniviricetes,(+) ssRNA ,4,0.0089
24,48430,NC_035210 |Tinamou hepatitis B virus isolate 160050| complete genome,-23.27526665,GAAGTACCCAGTTGGGAGGAGGAGACGGAGCA,GAAGTACCCAGTTGGGAGGAGGAGACGGAGCA,32,1209,1235,reverse complement,Avihepadnavirus,Hepadnaviridae,Blubervirales,Revtraviricetes,DNA-RT,7,0.0091
28,156494,JX985650 |Avastrovirus 3 isolate MPJ1332 capsid (ORF2) gene| complete cds,-27.57740974,GAAGGATAAAGA---TAAAAAGATGAAGTAGT,GAAGGATAAAGATAAAAAGATGAAGTAGT,29,48,80,reverse complement,Avastrovirus ,Astroviridae,Stellavirales,Stelpaviricetes,(+) ssRNA ,4,0.0113
27,9185,KF371633 |Faecal-associated gemycircularvirus 9| complete genome,-27.57740784,GGCGGACAAAGGAGGGA---AGAGGCCTATAT,GGCGGACAAAGGAGGGAAGAGGCCTATAT,29,2017,2046,reverse complement,Gemykibivirus ,Genomoviridae,Geplafuvirales,Repensiviricetes,ssDNA,2,0.012
22,218540,MH255796 |Pingu picornavirus isolate 991| complete genome,-21.81532478,GGAGGA-AAAGAGGGG--TAAGAGGCAACAGT,GGAGGAAAAGAGGGGTAAGAGGCAACAGT,29,179,212,reverse complement,Unclassified genus,Unclassified family,Picornavirales ,Pisoniviricetes,,DO LATER,0.0128
23,567,KT203766 |Budgerigar fledgling disease polyomavirus isolate PL1220B| complete genome,-23.27526665,GAAGGACAAGGACACGGTGAAGCGCAAGAGGT,GAAGGACAAGGACACGGTGAAGCGCAAGAGGT,32,2406,2434,reverse complement,Gammapolyomavirus ,Polyomaviridae,Sepolyvirales,Papovaviricetes,dsDNA ,1,0.013
21,29464,MH664044 |Flanders hapavirus isolate NE00-23| complete genome,-21.51318359,GAAGGATTAAAAGATGTACTGAGAGGAAGAGGT,GAAGGATTAAAAGATGTACTGAGAGGAAGAGGT,33,247,270,reverse complement,Hapavirus ,Rhabdoviridae,Mononegavirales,Monjiviricetes,(-) ssRNA ,5,0.0141
30,41060,NC_040845 |Avian HDV-like agent| complete genome,-29.47669411,GAAGAAAAAAGAGGCGGCG--GAGCCGATGGA,GAAGAAAAAAGAGGCGGCGGAGCCGATGGA,30,538,565,reverse complement,Deltavirus ,Unclassified family,Unclassified order,Unclassified class,Ciruclar (-) ssRNA,5?,0.0174
16,72351,KX219798 |Infectious bronchitis virus strain ck/CH/LSD/120913| complete genome,-17.9342823,GAAGGAGAAAAAGC---CAAAGAAGCAGGAGGA,GAAGGAGAAAAAGCCAAAGAAGCAGGAGGA,30,27019,27048,,Gammacoronavirus ,Coronaviridae,Nidovirales,Pisoniviricetes,(+) ssRNA ,4,0.0179
25,53651,KJ554969 |Western equine encephalitis virus strain E1416| complete genome,-23.4949379,TATGGTCAAAG-GGTGAAAAAGCGGCTGATAT,TATGGTCAAAGGGTGAAAAAGCGGCTGATAT,31,1565,1596,reverse complement,Alphavirus ,Togaviridae,Martellivirales,Alsuviricetes,(+) ssRNA ,4,0.0375
26,185755,MN175552 |Duck calicivirus 2 strain DuCV-2_B6| complete genome,-26.03499603,GAAGAGACAGAGATGAG---AAGAG-TGGAGGT,GAAGAGACAGAGATGAGAAGAGTGGAGGT,29,5493,5524,reverse complement,Unclassified genus,Caliciviridae ,Picornavirales,Pisoniviricetes,(+) ssRNA ,4,0.0401
29,100405,KU670940 |Hepatitis E virus strain kestrel/MR22/2014/HUN| complete genome,-27.57741356,GCAGCACGGAAACGGGTC---GAGGCGGAGCT,GCAGCACGGAAACGGGTCGAGGCGGAGCT,29,2008,2032,reverse complement,Orthohepevirus,Hepeviridae,Hepelivirales,Alsuviricetes,(+) ssRNA ,4,0.0442
10,24905,MG702259 |Fowlpox virus isolate 282E4| complete genome,-13.99851036,GAAGGAGAA------GACAAAGAGGATGAGGG,GAAGGAGAAGACAAAGAGGATGAGGG,26,219570,219598,reverse complement,Avipoxvirus ,Poxviridae,Chitovirales,Pokkesviricetes,dsDNA,1,0.0488
31,131188,MG662717 |Blackbird arilivirus| complete genome,-29.47669601,GAAAGAGAA--AGGGAAGGAAGATGCGAAGAC,GAAAGAGAAAGGGAAGGAAGATGCGAAGAC,30,766,801,reverse complement,Unclassified genus,Unclassified family,Picornavirales,Pisoniviricetes,,DO LATER,0.0827
